id,competitor,country,title,description,bonus_amount,bonus_type,conditions,valid_until,url,scraped_at,hash_id,is_active,created_at
99,22 Casino,SA,22Casino | 22Casino Login Link and Up to 225% Bonus                  Live Bonus App Responsible Gamb,"22Casino | 22Casino Login Link and Up to 225% Bonus                  Live Bonus App Responsible Gambling Registration Log In Registration Log In EN  PT   BR   DE   IT   ES   Trusted Casino for Gamblers  98/100 22Casino: Official WebsiteIn 22Casino, you can play thousands of hot games and get generous bonuses for a better start",225%,Other,,,https://22casino.bet,2025-09-30T10:15:16.541311,-1639372063863537583,1,2025-09-30 08:15:49
148,22 Casino,SA,22Casino | 22Casino Login Link and Up to 225% Bonus                  Live Bonus App Responsible Gamb,"22Casino | 22Casino Login Link and Up to 225% Bonus                  Live Bonus App Responsible Gambling Registration Log In Registration Log In EN  PT   BR   DE   IT   ES   Trusted Casino for Gamblers  98/100 22Casino: Official WebsiteIn 22Casino, you can play thousands of hot games and get generous bonuses for a better start",225%,Other,,,https://22casino.bet,2025-09-30T10:26:39.548171,-8058024758176185181,1,2025-09-30 08:27:12
196,22 Casino,SA,22Casino | 22Casino Login Link and Up to 225% Bonus                  Live Bonus App Responsible Gamb,"22Casino | 22Casino Login Link and Up to 225% Bonus                  Live Bonus App Responsible Gambling Registration Log In Registration Log In EN  PT   BR   DE   IT   ES   Trusted Casino for Gamblers  98/100 22Casino: Official WebsiteIn 22Casino, you can play thousands of hot games and get generous bonuses for a better start",225%,Other,,,https://www.22casino.bet,2025-09-30T13:20:05.916134,7255745097773358012,1,2025-09-30 11:21:09
234,888 Casino,SA,"888 Casino Canada | Fast Login and Secure Registration
Sign InSign UpConnectNo Deposit Bonus ‚Äì C$88 ","888 Casino Canada | Fast Login and Secure Registration
Sign InSign UpConnectNo Deposit Bonus ‚Äì C$88 FreeGET BONUSLog in 888Casino Official¬†Ready for a thrill? 888 Casino is your gateway to top-tier online gaming in Canada",$88,Deposit Bonus,,,https://888-casino.org,2025-09-30T16:50:36.376718,4686424674873967376,1,2025-09-30 14:52:24
201,AmunRa,SA,AmunRa Casino | Sito ufficiale del casin√≤ online in ItaliaAccediAccediIscrivitiCHBonus di benvenuto1,"AmunRa Casino | Sito ufficiale del casin√≤ online in ItaliaAccediAccediIscrivitiCHBonus di benvenuto150% fino a 500‚Ç¨ + 100 giri gratisGioca oraAmunRa Casino Online ItaliaBenvenuto nel nostro regno eggiziano Casino Amunra, ricco di tesori, misteri e infinito divertimento, creato da una delle collezioni pi√π impressionanti di giochi d‚Äôazzardo online al mondo",150%,Other,,,https://amunra.bet,2025-09-30T13:20:36.486158,-8050172378579736543,1,2025-09-30 11:21:09
104,AmunRa,SA,comHomeJuneteenth Brochure2025 Souvenir Booklet Community Sponsorships Nat Turner Tour HistoryWhat i,"comHomeJuneteenth Brochure2025 Souvenir Booklet Community Sponsorships Nat Turner Tour HistoryWhat is the Celebration?Juneteenth HistoryOriginFundraising EffortsAmun Ra MissionAmun Ra's Board and StaffArchives 2024 EventArchives 2023 Event2025 Archives of EventAccountMy AccountSign outSign InMy Account
Welcome to 
Amun Ra I home for Juneteenth juneteenth event planners 
Welcome to 
Amun Ra I home for Juneteenth juneteenth event planners 
Welcome to 
Amun Ra I home for Juneteenth juneteenth event",,Welcome Bonus,,,https://www.amunra.org,2025-09-30T10:15:34.813953,-5292547156313596303,1,2025-09-30 08:15:49
151,AmunRa,SA,comHomeJuneteenth Brochure2025 Souvenir Booklet Community Sponsorships Nat Turner Tour HistoryWhat i,"comHomeJuneteenth Brochure2025 Souvenir Booklet Community Sponsorships Nat Turner Tour HistoryWhat is the Celebration?Juneteenth HistoryOriginFundraising EffortsAmun Ra MissionAmun Ra's Board and StaffArchives 2024 EventArchives 2023 Event2025 Archives of EventAccountMy AccountSign outSign InMy Account
Welcome to 
Amun Ra I home for Juneteenth juneteenth event planners 
Welcome to 
Amun Ra I home for Juneteenth juneteenth event planners 
Welcome to 
Amun Ra I home for Juneteenth juneteenth event",,Welcome Bonus,,,https://www.amunra.org,2025-09-30T10:26:57.531664,-1052694817077797269,1,2025-09-30 08:27:12
200,AmunRa,SA,comHomeJuneteenth Brochure2025 Souvenir Booklet Community Sponsorships Nat Turner Tour HistoryWhat i,"comHomeJuneteenth Brochure2025 Souvenir Booklet Community Sponsorships Nat Turner Tour HistoryWhat is the Celebration?Juneteenth HistoryOriginFundraising EffortsAmun Ra MissionAmun Ra's Board and StaffArchives 2024 EventArchives 2023 Event2025 Archives of EventAccountMy AccountSign outSign InMy Account
Welcome to 
Amun Ra I home for Juneteenth juneteenth event planners 
Welcome to 
Amun Ra I home for Juneteenth juneteenth event planners 
Welcome to 
Amun Ra I home for Juneteenth juneteenth event",,Welcome Bonus,,,https://amunra.org,2025-09-30T13:20:35.896007,-8958250342001828239,1,2025-09-30 11:21:09
108,Bassbet,SA,"




Bassbet Casino
































Home
Blog
Games
Bonuses
Contact




5


Register","




Bassbet Casino
































Home
Blog
Games
Bonuses
Contact




5


Register




EN




 DEESGRPL 





5



Register









404





Page not found
Check out the homepage instead
Homepage
404









Notice
Bassbet Casino does not promote or encourage gambling",,Other,,,https://bassbet.net/tournaments,2025-09-30T10:15:43.359012,-6811881832096208220,1,2025-09-30 08:15:49
107,Bassbet,SA,"




Bassbet Casino Review, Sportsbook, Casino Games & Exclusive Cashback Bonuses


















","




Bassbet Casino Review, Sportsbook, Casino Games & Exclusive Cashback Bonuses

































Home
Blog
Bonuses
Games
Contact




5


Register




EN




 DEESGRPL 





5



Register










Bassbet Casino review

Welcome to Bassbet Casino, where top-tier entertainment meets exceptional service",,Welcome Bonus,,,https://www.bassbet.net,2025-09-30T10:15:42.825681,-5619399000348082113,1,2025-09-30 08:15:49
154,Bassbet,SA,"




Bassbet Casino Review, Sportsbook, Casino Games & Exclusive Cashback Bonuses


















","




Bassbet Casino Review, Sportsbook, Casino Games & Exclusive Cashback Bonuses

































Home
Blog
Bonuses
Games
Contact




5


Register




EN




 DEESGRPL 





5



Register










Bassbet Casino review

Welcome to Bassbet Casino, where top-tier entertainment meets exceptional service",,Welcome Bonus,,,https://www.bassbet.net,2025-09-30T10:27:04.956368,-86396976202829410,1,2025-09-30 08:27:12
204,Bassbet,SA,"




Bassbet Casino Review, Sportsbook, Casino Games & Exclusive Cashback Bonuses


















","




Bassbet Casino Review, Sportsbook, Casino Games & Exclusive Cashback Bonuses

































Home
Blog
Bonuses
Games
Contact




5


Register




EN




 DEESGRPL 





5



Register










Bassbet Casino review

Welcome to Bassbet Casino, where top-tier entertainment meets exceptional service",,Welcome Bonus,,,https://www.bassbet.net,2025-09-30T13:20:47.889434,-8231603354406147945,1,2025-09-30 11:21:09
238,BetObet,SA," Kayƒ±t, resmi adrese ‚Ä¶ Devamƒ±nƒ± oku‚Ä¶


Kategoriler Betobet Promosyonlar Etiketler Betobet Bahis, bet"," Kayƒ±t, resmi adrese ‚Ä¶ Devamƒ±nƒ± oku‚Ä¶


Kategoriler Betobet Promosyonlar Etiketler Betobet Bahis, betobet √ßevrimi√ßi bahis oyunlarƒ±, betobet giri≈ü parametreleri Yorum yap 




 Eski yazƒ±lar

Sayfa1
Sayfa2
‚Ä¶
Sayfa21
Sonraki ‚Üí 






Son Yazƒ±lar
Betobet √úye Deƒüeri
Betobet Katƒ±lƒ±m Adƒ±mƒ±
Betobet √úcretsiz √úyelik
Betobet Bahis Hƒ±zƒ±
Betobet Modern Tasarƒ±m
Betobet Mobil Deneyim
Betobet Sorun √á√∂z√ºm√º
Betobet Espor Pop√ºlerliƒüi
Betobet Rulet
Betobet Giri≈ü Parametreleri
Betobet Oyun Hizmetleri
Betobet Canlƒ± Ca",,Other,,,https://www.betobet.org,2025-09-30T16:52:01.228635,-142933521221407071,1,2025-09-30 14:52:24
245,BetObet,SA," Kayƒ±t, resmi adrese ‚Ä¶ Devamƒ±nƒ± oku‚Ä¶


Kategoriler Betobet Promosyonlar Etiketler Betobet Bahis, bet"," Kayƒ±t, resmi adrese ‚Ä¶ Devamƒ±nƒ± oku‚Ä¶


Kategoriler Betobet Promosyonlar Etiketler Betobet Bahis, betobet √ßevrimi√ßi bahis oyunlarƒ±, betobet giri≈ü parametreleri Yorum yap 




 Eski yazƒ±lar

Sayfa1
Sayfa2
‚Ä¶
Sayfa21
Sonraki ‚Üí 






Son Yazƒ±lar
Betobet √úye Deƒüeri
Betobet Katƒ±lƒ±m Adƒ±mƒ±
Betobet √úcretsiz √úyelik
Betobet Bahis Hƒ±zƒ±
Betobet Modern Tasarƒ±m
Betobet Mobil Deneyim
Betobet Sorun √á√∂z√ºm√º
Betobet Espor Pop√ºlerliƒüi
Betobet Rulet
Betobet Giri≈ü Parametreleri
Betobet Oyun Hizmetleri
Betobet Canlƒ± Ca",,Other,,,https://betobet.org,2025-09-30T16:58:21.885602,3558107778282837269,1,2025-09-30 14:58:55
101,Casinia,SA,"








Casinia Casino b√≥nuszok

A Bonuses Casinia Casino-ban a j√°t√©kosokat sokf√©le cs√°b√≠t√≥ jutalom","








Casinia Casino b√≥nuszok

A Bonuses Casinia Casino-ban a j√°t√©kosokat sokf√©le cs√°b√≠t√≥ jutalom v√°rja, ami √∫j szintre emeli a j√°t√©k√©lm√©nyt",,Other,,,https://www.casinia.org,2025-09-30T10:15:31.582304,-6880443531757631255,1,2025-09-30 08:15:49
149,Casinia,SA,"








Casinia Casino b√≥nuszok

A Bonuses Casinia Casino-ban a j√°t√©kosokat sokf√©le cs√°b√≠t√≥ jutalom","








Casinia Casino b√≥nuszok

A Bonuses Casinia Casino-ban a j√°t√©kosokat sokf√©le cs√°b√≠t√≥ jutalom v√°rja, ami √∫j szintre emeli a j√°t√©k√©lm√©nyt",,Other,,,https://casinia.org,2025-09-30T10:26:52.477908,-770844240558842518,1,2025-09-30 08:27:12
235,Casinia,SA,"








Casinia Casino b√≥nuszok

A Bonuses Casinia Casino-ban a j√°t√©kosokat sokf√©le cs√°b√≠t√≥ jutalom","








Casinia Casino b√≥nuszok

A Bonuses Casinia Casino-ban a j√°t√©kosokat sokf√©le cs√°b√≠t√≥ jutalom v√°rja, ami √∫j szintre emeli a j√°t√©k√©lm√©nyt",,Other,,,https://casinia.org,2025-09-30T16:51:28.225468,7231853796042043864,1,2025-09-30 14:52:24
100,Casinia,SA,"








Pe≈Çne Do≈õwiadczenie Gry Online | Casinia Casino











































","








Pe≈Çne Do≈õwiadczenie Gry Online | Casinia Casino



















































	Skip to content








 






Home






Kup bonusowe gry kasynowe



 







Gry kasynowe
Gry planszowe
Sloty
Gry kasynowe Megaways
Gry kasynowe na ≈ºywo
Gry z bonusami
VIP
Turnieje
Promocje




   ZALOGUJ SIƒò  



   ZAREJESTRUJ SIƒò  



Menu












   ZALOGUJ SIƒò  



   ZAREJESTRUJ SIƒò  








Bonus powitalny
100% a≈º do 2 250 z≈Ç + 200 DS + 1 Bonus Crab

Do≈ÇƒÖcz teraz









",100%,Other,,,https://casinia.net,2025-09-30T10:15:28.729982,7556437951865611691,1,2025-09-30 08:15:49
150,Casinia,SA,"








Pe≈Çne Do≈õwiadczenie Gry Online | Casinia Casino











































","








Pe≈Çne Do≈õwiadczenie Gry Online | Casinia Casino



















































	Skip to content








 






Home






Kup bonusowe gry kasynowe



 







Gry kasynowe
Gry planszowe
Sloty
Gry kasynowe Megaways
Gry kasynowe na ≈ºywo
Gry z bonusami
VIP
Turnieje
Promocje




   ZALOGUJ SIƒò  



   ZAREJESTRUJ SIƒò  



Menu












   ZALOGUJ SIƒò  



   ZAREJESTRUJ SIƒò  








Bonus powitalny
100% a≈º do 2 250 z≈Ç + 200 DS + 1 Bonus Crab

Do≈ÇƒÖcz teraz









",100%,Other,,,https://casinia.net,2025-09-30T10:26:52.753011,-4835433101148860505,1,2025-09-30 08:27:12
198,Casinia,SA,"








Pe≈Çne Do≈õwiadczenie Gry Online | Casinia Casino











































","








Pe≈Çne Do≈õwiadczenie Gry Online | Casinia Casino



















































	Skip to content








 






Home






Kup bonusowe gry kasynowe



 







Gry kasynowe
Gry planszowe
Sloty
Gry kasynowe Megaways
Gry kasynowe na ≈ºywo
Gry z bonusami
VIP
Turnieje
Promocje




   ZALOGUJ SIƒò  



   ZAREJESTRUJ SIƒò  



Menu












   ZALOGUJ SIƒò  



   ZAREJESTRUJ SIƒò  








Bonus powitalny
100% a≈º do 2 250 z≈Ç + 200 DS + 1 Bonus Crab

Do≈ÇƒÖcz teraz









",100%,Other,,,https://casinia.net,2025-09-30T13:20:30.938543,-6537318390021549196,1,2025-09-30 11:21:09
242,Casinia,SA,"








Pe≈Çne Do≈õwiadczenie Gry Online | Casinia Casino











































","








Pe≈Çne Do≈õwiadczenie Gry Online | Casinia Casino



















































	Skip to content








 






Home






Kup bonusowe gry kasynowe



 







Gry kasynowe
Gry planszowe
Sloty
Gry kasynowe Megaways
Gry kasynowe na ≈ºywo
Gry z bonusami
VIP
Turnieje
Promocje




   ZALOGUJ SIƒò  



   ZAREJESTRUJ SIƒò  



Menu












   ZALOGUJ SIƒò  



   ZAREJESTRUJ SIƒò  








Bonus powitalny
100% a≈º do 2 250 z≈Ç + 200 DS + 1 Bonus Crab

Do≈ÇƒÖcz teraz









",100%,Other,,,https://www.casinia.net,2025-09-30T16:57:57.790556,-5362476242121092853,1,2025-09-30 14:58:55
102,Casinia,SA,"








Promocje Casinia Casino | Bonusy Powitalne
















































","








Promocje Casinia Casino | Bonusy Powitalne





















































	Skip to content








 






Home






Kup bonusowe gry kasynowe



 







Gry kasynowe
Gry planszowe
Sloty
Gry kasynowe Megaways
Gry kasynowe na ≈ºywo
Gry z bonusami
VIP
Turnieje
Promocje




   ZALOGUJ SIƒò  



   ZAREJESTRUJ SIƒò  



Menu












   ZALOGUJ SIƒò  



   ZAREJESTRUJ SIƒò  







Promocje 


üéâ Promocje Casinia Casino: Przewodnik po Bonusach Powitalnych i Programie L",,Other,,,https://casinia.net/promotions,2025-09-30T10:15:31.981226,-1862080146112716565,1,2025-09-30 08:15:49
103,Casinia,SA,"








Turnieje w Casinia Casino | Droga do Mistrzostwa










































","








Turnieje w Casinia Casino | Droga do Mistrzostwa





















































	Skip to content








 






Home






Kup bonusowe gry kasynowe



 







Gry kasynowe
Gry planszowe
Sloty
Gry kasynowe Megaways
Gry kasynowe na ≈ºywo
Gry z bonusami
VIP
Turnieje
Promocje




   ZALOGUJ SIƒò  



   ZAREJESTRUJ SIƒò  



Menu












   ZALOGUJ SIƒò  



   ZAREJESTRUJ SIƒò  







Turnieje 


Turnieje w Casinia Casino: Twoja Droga do Tytu≈Çu Mistrza i Atrakcyjny",,Other,,,https://casinia.net/tournaments,2025-09-30T10:15:33.860678,-7963886441650140157,1,2025-09-30 08:15:49
199,Casinia,SA,"






 


Casinia Online: The Best for Online Gaming in UK








































","






 


Casinia Online: The Best for Online Gaming in UK

















































                                        Bonus
                






















                                        Promo Code
                











                                        No Deposit Bonus
                










                                        App
                




Sign In
Register



 




Spin On ‚Äì Win On!
Play now




Luck Lives in Every B",,Deposit Bonus,,,https://casinia.bet,2025-09-30T13:20:31.528482,7425546140561859321,1,2025-09-30 11:21:09
197,Casinia,SA,    Casinia Casino ‚Ñ¢ ‚Äì Play Slots & Sports Online 2025                                   Log In   Re,"    Casinia Casino ‚Ñ¢ ‚Äì Play Slots & Sports Online 2025                                   Log In   Register    App Bonus Betting Bonus Code Games Review No Deposit Bonus              Log In   Register     App  Bonus  Betting Bonus Code Games Review No Deposit Bonus            Casinia Casino Casinia Casino combines high-end visuals, powerful software providers, and innovative mechanics to deliver an elite online gaming experience",,Deposit Bonus,,,https://www.casinia.casino,2025-09-30T13:20:30.627620,-7368435942761704340,1,2025-09-30 11:21:09
241,Casinia,SA,    Casinia Casino ‚Ñ¢ ‚Äì Play Slots & Sports Online 2025                                   Log In   Re,"    Casinia Casino ‚Ñ¢ ‚Äì Play Slots & Sports Online 2025                                   Log In   Register    App Bonus Betting Bonus Code Games Review No Deposit Bonus              Log In   Register     App  Bonus  Betting Bonus Code Games Review No Deposit Bonus            Casinia Casino Casinia Casino combines high-end visuals, powerful software providers, and innovative mechanics to deliver an elite online gaming experience",,Deposit Bonus,,,https://www.casinia.casino,2025-09-30T16:57:57.311646,2082198026105917348,1,2025-09-30 14:58:55
205,CasinoLab,SA,"


CasinoLab üéÅ 100 % jusqu‚Äô√† 750 ‚Ç¨ + 200 FS et 1 bonus crab


 



















                 ","


CasinoLab üéÅ 100 % jusqu‚Äô√† 750 ‚Ç¨ + 200 FS et 1 bonus crab


 



















                                    Machines √† sous
                                





                                    Connexion
                                





                                    Application
                                





                                    Bonus
                                







                S'inscrire
            

                Connexion
        ",,Other,,,https://casinolab.bet,2025-09-30T13:21:01.610200,5176082924697677351,1,2025-09-30 11:21:09
110,Cazeus,SA,"









Cazeus Casino NL ‚ù§Ô∏è Bonus ‚Ç¨500 en 200 gratis spins









Aanmelden
Ingelogd







   ","









Cazeus Casino NL ‚ù§Ô∏è Bonus ‚Ç¨500 en 200 gratis spins









Aanmelden
Ingelogd







            Casino
          





Live Casino





Top Games










Sleuven





Roulette





Sportwetten





Jackpot






Tabel






            Sport
          








Live Sport





Sport Resultaten




NL


ES


PL


GR


DE


EN








Aanmelden
Ingelogd





WELKOMSTPAKKET
‚Ç¨500
+ 200 Gratis Spins
Meld je nu aan





Cazeus Casino üá≥üá±

            Cazeus Casino is een modern online",‚Ç¨500,Other,,,https://www.cazeus.net,2025-09-30T10:15:48.180707,-345496853693691205,1,2025-09-30 08:15:49
156,Cazeus,SA,"









Cazeus Casino NL ‚ù§Ô∏è Bonus ‚Ç¨500 en 200 gratis spins









Aanmelden
Ingelogd







   ","









Cazeus Casino NL ‚ù§Ô∏è Bonus ‚Ç¨500 en 200 gratis spins









Aanmelden
Ingelogd







            Casino
          





Live Casino





Top Games










Sleuven





Roulette





Sportwetten





Jackpot






Tabel






            Sport
          








Live Sport





Sport Resultaten




NL


ES


PL


GR


DE


EN








Aanmelden
Ingelogd





WELKOMSTPAKKET
‚Ç¨500
+ 200 Gratis Spins
Meld je nu aan





Cazeus Casino üá≥üá±

            Cazeus Casino is een modern online",‚Ç¨500,Other,,,https://www.cazeus.net,2025-09-30T10:27:11.621615,2235616414022842800,1,2025-09-30 08:27:12
207,Cazeus,SA,"









Cazeus Casino NL ‚ù§Ô∏è Bonus ‚Ç¨500 en 200 gratis spins









Aanmelden
Ingelogd







   ","









Cazeus Casino NL ‚ù§Ô∏è Bonus ‚Ç¨500 en 200 gratis spins









Aanmelden
Ingelogd







            Casino
          





Live Casino





Top Games










Sleuven





Roulette





Sportwetten





Jackpot






Tabel






            Sport
          








Live Sport





Sport Resultaten




NL


ES


PL


GR


DE


EN








Aanmelden
Ingelogd





WELKOMSTPAKKET
‚Ç¨500
+ 200 Gratis Spins
Meld je nu aan





Cazeus Casino üá≥üá±

            Cazeus Casino is een modern online",‚Ç¨500,Other,,,https://cazeus.net,2025-09-30T13:21:09.151426,-1074636455337011702,1,2025-09-30 11:21:09
109,Cazeus,SA,    Cazeus ‚Ñ¢ ‚Äì Official Website in United Kingdom 2025                                      App   Bo,"    Cazeus ‚Ñ¢ ‚Äì Official Website in United Kingdom 2025                                      App   Bonus      Bonus Code    No Deposit Bonus       Slots    Review    Withdrawal     Log in Register                        Log in Register       App     Bonus        Bonus Code       No Deposit Bonus          Slots       Review       Withdrawal         Cazeus Cazeus stands as a remarkable beacon of online gaming, seamlessly blending state-of-the-art technology with an unmatched gaming experience",,Deposit Bonus,,,https://cazeus.casino,2025-09-30T10:15:48.362482,-3988663341007488962,1,2025-09-30 08:15:49
206,Cazeus,SA,    Cazeus ‚Ñ¢ ‚Äì Official Website in United Kingdom 2025                                      App   Bo,"    Cazeus ‚Ñ¢ ‚Äì Official Website in United Kingdom 2025                                      App   Bonus      Bonus Code    No Deposit Bonus       Slots    Review    Withdrawal     Log in Register                        Log in Register       App     Bonus        Bonus Code       No Deposit Bonus          Slots       Review       Withdrawal         Cazeus Cazeus stands as a remarkable beacon of online gaming, seamlessly blending state-of-the-art technology with an unmatched gaming experience",,Deposit Bonus,,,https://www.cazeus.casino,2025-09-30T13:21:08.861062,6559988017623804627,1,2025-09-30 11:21:09
155,Cazeus,SA," Each slot offers a unique
                            gaming experience with bonus features such as"," Each slot offers a unique
                            gaming experience with bonus features such as free
                            spins and multipliers",,Other,,,https://www.cazeus.bet,2025-09-30T10:27:11.754741,-6300680107802800937,1,2025-09-30 08:27:12
239,EmirBet,SA,"



Emirbet Casino | Bonus up to ‚Ç¨1000 + 150 free spins 
















Games
Live Casino
Sports Be","



Emirbet Casino | Bonus up to ‚Ç¨1000 + 150 free spins 
















Games
Live Casino
Sports Betting
Bonuses


    







Games
Live Casino
Sports Betting
Bonuses




Sign up


Login


    






Emirbet
Emit Bet Casino is your trusted choice in the world of online casinos",‚Ç¨1000,Free Spins,,,https://www.emirbet.casino,2025-09-30T16:52:12.186575,-6062823592876512389,1,2025-09-30 14:52:24
246,EmirBet,SA,"



Emirbet Casino | Bonus up to ‚Ç¨1000 + 150 free spins 
















Games
Live Casino
Sports Be","



Emirbet Casino | Bonus up to ‚Ç¨1000 + 150 free spins 
















Games
Live Casino
Sports Betting
Bonuses


    







Games
Live Casino
Sports Betting
Bonuses




Sign up


Login


    






Emirbet
Emit Bet Casino is your trusted choice in the world of online casinos",‚Ç¨1000,Free Spins,,,https://www.emirbet.casino,2025-09-30T16:58:34.653550,6883880717054822946,1,2025-09-30 14:58:55
98,HAZ Casino,SA,"




Haz Casino ·êà Bonus sans Wager & Casino en Ligne Officiel





























Connexion","




Haz Casino ·êà Bonus sans Wager & Casino en Ligne Officiel





























Connexion
S'inscrire









Haz casino
Bienvenue chez Haz casino, o√π nous combinons une licence de Cura√ßao (8048/JAZ) avec plus de 3,500 jeux provenant des meilleurs fournisseurs du march√©",,Other,,,https://www.haz-casino.com,2025-09-30T10:15:10.526664,-6462342572195333185,1,2025-09-30 08:15:49
147,HAZ Casino,SA,"




Haz Casino ·êà Bonus sans Wager & Casino en Ligne Officiel





























Connexion","




Haz Casino ·êà Bonus sans Wager & Casino en Ligne Officiel





























Connexion
S'inscrire









Haz casino
Bienvenue chez Haz casino, o√π nous combinons une licence de Cura√ßao (8048/JAZ) avec plus de 3,500 jeux provenant des meilleurs fournisseurs du march√©",,Other,,,https://haz-casino.com,2025-09-30T10:26:36.080076,-8921005368594989734,1,2025-09-30 08:27:12
97,HAZ Casino,SA,"    Haz Casino ‚Äî Login, Welcome Pack C$1000 + 125 FS                                       Games Spo","    Haz Casino ‚Äî Login, Welcome Pack C$1000 + 125 FS                                       Games Sport Cybersport Promo Tournaments Lotteries   Login Sign Up                       Login Sign Up   Games Sport Cybersport Promo Tournaments Lotteries       Haz Casino Haz Casino is an established online gaming platform licensed under the Curacao eGaming Authority (license number 8048/JAZ), which ensures a regulated and safe environment for Canadian players",$1000,Welcome Bonus,,,https://www.hazcasino.bet,2025-09-30T10:15:10.079190,-1516565631698828263,1,2025-09-30 08:15:49
194,HAZ Casino,SA,"    Haz Casino ‚Äî Login, Welcome Pack C$1000 + 125 FS                                       Games Spo","    Haz Casino ‚Äî Login, Welcome Pack C$1000 + 125 FS                                       Games Sport Cybersport Promo Tournaments Lotteries   Login Sign Up                       Login Sign Up   Games Sport Cybersport Promo Tournaments Lotteries       Haz Casino Haz Casino is an established online gaming platform licensed under the Curacao eGaming Authority (license number 8048/JAZ), which ensures a regulated and safe environment for Canadian players",$1000,Welcome Bonus,,,https://www.hazcasino.bet,2025-09-30T13:19:57.629243,8947016133538353259,1,2025-09-30 11:21:09
96,HAZ Casino,SA,    Haz Casino ‚Ñ¢ ‚Äì Site Officiel En Ligne France 2025                                       Jeux Spo,    Haz Casino ‚Ñ¢ ‚Äì Site Officiel En Ligne France 2025                                       Jeux Sport eSport Promotions Tournois Loteries   Connexion Inscription                       Connexion Inscription   Jeux Sport eSport Promotions Tournois Loteries       haz casino Haz Casino est un casino en ligne moderne op√©rant sous une licence internationale d√©livr√©e par Antillephone N,,Other,,,https://hazcasino.net,2025-09-30T10:15:09.599032,9026452778138263545,1,2025-09-30 08:15:49
195,HAZ Casino,SA,    Haz Casino ‚Ñ¢ ‚Äì Site Officiel En Ligne France 2025                                       Jeux Spo,    Haz Casino ‚Ñ¢ ‚Äì Site Officiel En Ligne France 2025                                       Jeux Sport eSport Promotions Tournois Loteries   Connexion Inscription                       Connexion Inscription   Jeux Sport eSport Promotions Tournois Loteries       haz casino Haz Casino est un casino en ligne moderne op√©rant sous une licence internationale d√©livr√©e par Antillephone N,,Other,,,https://www.hazcasino.net,2025-09-30T13:19:57.242573,-7994760754140401623,1,2025-09-30 11:21:09
146,HAZ Casino,SA," Al sinds 2020 weten Belgische spelers Haz Casino te waarderen vanwege de sterke mix van veiligheid,"," Al sinds 2020 weten Belgische spelers Haz Casino te waarderen vanwege de sterke mix van veiligheid, royale bonussen en een verbluffend spelaanbod van internationale topproviders",,Other,,,https://haz-casino.org,2025-09-30T10:26:35.549758,846742050409427149,1,2025-09-30 08:27:12
192,Jackpotcity Casino,SA,"






















































































Jackpot City ","






















































































Jackpot City | Online Betting








",,Other,,,https://www.jackpotcity.co.za,2025-09-30T13:19:41.737467,6854491477138354697,1,2025-09-30 11:21:09
95,Jackpotcity Casino,SA,"








Jackpot City Casino - 80 Chances to Win a Million - Microgaming























Mega","








Jackpot City Casino - 80 Chances to Win a Million - Microgaming























Mega Moolah
80 Chances to win 1,000,000!!!
Also available on mobile


RULES



Get Going! The Jackpot Currently Stands at:



HOW TO START:

Click on the Play Now button above
Register an account and deposit 10 to get 10
Open the Mega Moolah video slot
With your 20 credits, you‚Äôll get at least 80 spins on Mega Moolah",,Deposit Bonus,,,https://jackpotcity-casino.net,2025-09-30T10:14:54.358225,-5221632051363700032,1,2025-09-30 08:15:49
144,Jackpotcity Casino,SA,"








Jackpot City Casino - 80 Chances to Win a Million - Microgaming























Mega","








Jackpot City Casino - 80 Chances to Win a Million - Microgaming























Mega Moolah
80 Chances to win 1,000,000!!!
Also available on mobile


RULES



Get Going! The Jackpot Currently Stands at:



HOW TO START:

Click on the Play Now button above
Register an account and deposit 10 to get 10
Open the Mega Moolah video slot
With your 20 credits, you‚Äôll get at least 80 spins on Mega Moolah",,Deposit Bonus,,,https://jackpotcity-casino.net,2025-09-30T10:26:22.678593,6639367576717867816,1,2025-09-30 08:27:12
191,Jackpotcity Casino,SA,"








Jackpot City Casino - 80 Chances to Win a Million - Microgaming























Mega","








Jackpot City Casino - 80 Chances to Win a Million - Microgaming























Mega Moolah
80 Chances to win 1,000,000!!!
Also available on mobile


RULES



Get Going! The Jackpot Currently Stands at:



HOW TO START:

Click on the Play Now button above
Register an account and deposit 10 to get 10
Open the Mega Moolah video slot
With your 20 credits, you‚Äôll get at least 80 spins on Mega Moolah",,Deposit Bonus,,,https://jackpotcity-casino.net,2025-09-30T13:19:41.619945,8623904347664423966,1,2025-09-30 11:21:09
94,Jackpotcity Casino,SA,"






JackpotCity ‚Äì Play your favourite casino games for Free!




































","






JackpotCity ‚Äì Play your favourite casino games for Free!





































 













			Tuesday, September 30, 2025		

Latest:


Fly X


Foxpot


Pachinko


9 Masks of Fire ‚Ñ¢


Animals of Africa ‚Ñ¢









 


JackpotCity

Play your favourite casino games for Free!













Top Casino Games
Latest Releases
Games
About Us
Classic Casino Games
All Games








 








 

 
Latest¬†Special Selection¬†Trending¬† 
Fly X


 April 25 Top Games
Comments Off on Fly X


",,Other,,,https://www.jackpotcity.net,2025-09-30T10:20:19.027941,8236311803125931041,1,2025-09-30 08:15:49
145,Jackpotcity Casino,SA,"






JackpotCity ‚Äì Play your favourite casino games for Free!




































","






JackpotCity ‚Äì Play your favourite casino games for Free!





































 













			Tuesday, September 30, 2025		

Latest:


Fly X


Foxpot


Pachinko


9 Masks of Fire ‚Ñ¢


Animals of Africa ‚Ñ¢









 


JackpotCity

Play your favourite casino games for Free!













Top Casino Games
Latest Releases
Games
About Us
Classic Casino Games
All Games








 








 

 
Latest¬†Special Selection¬†Trending¬† 
Fly X


 April 25 Top Games
Comments Off on Fly X


",,Other,,,https://jackpotcity.net,2025-09-30T10:31:13.925909,-572211269580445317,1,2025-09-30 08:27:12
193,Jackpotcity Casino,SA,"






JackpotCity ‚Äì Play your favourite casino games for Free!




































","






JackpotCity ‚Äì Play your favourite casino games for Free!





































 













			Tuesday, September 30, 2025		

Latest:


Fly X


Foxpot


Pachinko


9 Masks of Fire ‚Ñ¢


Animals of Africa ‚Ñ¢









 


JackpotCity

Play your favourite casino games for Free!













Top Casino Games
Latest Releases
Games
About Us
Classic Casino Games
All Games








 








 

 
Latest¬†Special Selection¬†Trending¬† 
Fly X


 April 25 Top Games
Comments Off on Fly X


",,Other,,,https://www.jackpotcity.net,2025-09-30T13:26:26.526788,-736662351656149317,1,2025-09-30 11:21:09
106,Legiano,SA,"

Legiano Casino ‚Ñ¢ [Login] Bonus up to ‚Ç¨500 + 200 Free Spins







































","

Legiano Casino ‚Ñ¢ [Login] Bonus up to ‚Ç¨500 + 200 Free Spins





















































Games
Sport
Cybersport
Promo
Tournaments
Lotteries


Sign up
Login

















Sign up



Login












Legiano Casino



Hurry up to get 
Bonus 100% up to ‚Ç¨500 + 200 Free Spins!

Go


Legiano is an innovative online platform designed for both casino and sports betting enthusiasts",‚Ç¨500,Free Spins,,,https://legiano.casino,2025-09-30T10:18:07.985208,1641983918063218052,1,2025-09-30 08:15:49
152,Legiano,SA,"

Legiano Casino ‚Ñ¢ [Login] Bonus up to ‚Ç¨500 + 200 Free Spins







































","

Legiano Casino ‚Ñ¢ [Login] Bonus up to ‚Ç¨500 + 200 Free Spins





















































Games
Sport
Cybersport
Promo
Tournaments
Lotteries


Sign up
Login

















Sign up



Login












Legiano Casino



Hurry up to get 
Bonus 100% up to ‚Ç¨500 + 200 Free Spins!

Go


Legiano is an innovative online platform designed for both casino and sports betting enthusiasts",‚Ç¨500,Free Spins,,,https://legiano.casino/tournaments,2025-09-30T10:29:00.198043,3899994800780337217,1,2025-09-30 08:27:12
203,Legiano,SA,"

Legiano Casino ‚Ñ¢ [Login] Bonus up to ‚Ç¨500 + 200 Free Spins







































","

Legiano Casino ‚Ñ¢ [Login] Bonus up to ‚Ç¨500 + 200 Free Spins





















































Games
Sport
Cybersport
Promo
Tournaments
Lotteries


Sign up
Login

















Sign up



Login












Legiano Casino



Hurry up to get 
Bonus 100% up to ‚Ç¨500 + 200 Free Spins!

Go


Legiano is an innovative online platform designed for both casino and sports betting enthusiasts",‚Ç¨500,Free Spins,,,https://legiano.casino,2025-09-30T13:23:50.158010,2030304204788068751,1,2025-09-30 11:21:09
105,Legiano,SA,"    Legiano Casino | Login, Bonus Up to ‚Ç¨500 + 200 Spins                                       Games","    Legiano Casino | Login, Bonus Up to ‚Ç¨500 + 200 Spins                                       Games Sport Cybersport Promo Tournaments Lotteries   Login Sign Up                       Login Sign Up   Games Sport Cybersport Promo Tournaments Lotteries       Legiano Casino Welcome to Legiano Casino, the ultimate gaming destination for Australian players where excitement and rewards await",‚Ç¨500,Welcome Bonus,,,https://legiano.bet,2025-09-30T10:18:07.068166,6925728104745890039,1,2025-09-30 08:15:49
153,Legiano,SA,"    Legiano Casino | Login, Bonus Up to ‚Ç¨500 + 200 Spins                                       Games","    Legiano Casino | Login, Bonus Up to ‚Ç¨500 + 200 Spins                                       Games Sport Cybersport Promo Tournaments Lotteries   Login Sign Up                       Login Sign Up   Games Sport Cybersport Promo Tournaments Lotteries       Legiano Casino Welcome to Legiano Casino, the ultimate gaming destination for Australian players where excitement and rewards await",‚Ç¨500,Welcome Bonus,,,https://legiano.bet,2025-09-30T10:28:57.164921,3021158465301063503,1,2025-09-30 08:27:12
202,Legiano,SA,"    Legiano Casino | Login, Bonus Up to ‚Ç¨500 + 200 Spins                                       Games","    Legiano Casino | Login, Bonus Up to ‚Ç¨500 + 200 Spins                                       Games Sport Cybersport Promo Tournaments Lotteries   Login Sign Up                       Login Sign Up   Games Sport Cybersport Promo Tournaments Lotteries       Legiano Casino Welcome to Legiano Casino, the ultimate gaming destination for Australian players where excitement and rewards await",‚Ç¨500,Welcome Bonus,,,https://www.legiano.bet,2025-09-30T13:23:49.186980,6480278296289417215,1,2025-09-30 11:21:09
240,Rabona,SA,"










Rabona Casino Review, Sign Up Info, Bonuses and Much More































","










Rabona Casino Review, Sign Up Info, Bonuses and Much More








































































Skip to content






Limited Time Offer From Rabona! Get up to 500% bonus on first Deposit",500%,Deposit Bonus,,,https://rabona.casino,2025-09-30T16:56:44.654548,-4290489368522004518,1,2025-09-30 14:58:55
247,Rabona,SA,"










Rabona Casino Review, Sign Up Info, Bonuses and Much More































","










Rabona Casino Review, Sign Up Info, Bonuses and Much More








































































Skip to content






Limited Time Offer From Rabona! Get up to 500% bonus on first Deposit",500%,Deposit Bonus,,,https://www.rabona.casino,2025-09-30T17:09:18.742787,-6475195677869222148,1,2025-09-30 15:09:41
249,Rabona,SA,"










Rabona Casino Review, Sign Up Info, Bonuses and Much More































","










Rabona Casino Review, Sign Up Info, Bonuses and Much More








































































Skip to content






Limited Time Offer From Rabona! Get up to 500% bonus on first Deposit",500%,Deposit Bonus,,,https://rabona.casino,2025-09-30T17:23:53.737809,3502455900023158610,1,2025-09-30 15:24:23
251,Rabona,SA,"










Rabona Casino Review, Sign Up Info, Bonuses and Much More































","










Rabona Casino Review, Sign Up Info, Bonuses and Much More








































































Skip to content






Limited Time Offer From Rabona! Get up to 500% bonus on first Deposit",500%,Deposit Bonus,,,https://www.rabona.casino,2025-09-30T17:27:42.819651,7674375814248240423,1,2025-09-30 15:28:09
253,Rabona,SA,"










Rabona Casino Review, Sign Up Info, Bonuses and Much More































","










Rabona Casino Review, Sign Up Info, Bonuses and Much More








































































Skip to content






Limited Time Offer From Rabona! Get up to 500% bonus on first Deposit",500%,Deposit Bonus,,,https://www.rabona.casino,2025-09-30T17:29:43.007894,4225768239234872456,1,2025-09-30 15:30:08
257,Rabona,SA,"










Rabona Casino Review, Sign Up Info, Bonuses and Much More































","










Rabona Casino Review, Sign Up Info, Bonuses and Much More








































































Skip to content






Limited Time Offer From Rabona! Get up to 500% bonus on first Deposit",500%,Deposit Bonus,,,https://www.rabona.casino,2025-09-30T17:46:20.208007,3553025884351051406,1,2025-09-30 15:46:47
261,Rabona,SA,"










Rabona Casino Review, Sign Up Info, Bonuses and Much More































","










Rabona Casino Review, Sign Up Info, Bonuses and Much More








































































Skip to content






Limited Time Offer From Rabona! Get up to 500% bonus on first Deposit",500%,Deposit Bonus,,,https://rabona.casino,2025-09-30T18:04:36.203854,-5645083102477661127,1,2025-09-30 16:05:35
265,Rabona,SA,"










Rabona Casino Review, Sign Up Info, Bonuses and Much More































","










Rabona Casino Review, Sign Up Info, Bonuses and Much More








































































Skip to content






Limited Time Offer From Rabona! Get up to 500% bonus on first Deposit",500%,Deposit Bonus,,,https://www.rabona.casino,2025-09-30T18:07:14.721733,1443315007897029896,1,2025-09-30 16:07:36
248,Rabona,SA,"







Welcome bonus 100% up to ‚Ç¨500 + 200 FS + 1 Bonus Crab - Rabona Casino Review, Sign Up Info, ","







Welcome bonus 100% up to ‚Ç¨500 + 200 FS + 1 Bonus Crab - Rabona Casino Review, Sign Up Info, Bonuses and More


































































Skip to content






Limited Time Offer From Rabona! Get up to 500% bonus on first Deposit",‚Ç¨500,Welcome Bonus,,,https://rabona.casino/welcome-bonus,2025-09-30T17:09:22.849356,-9060030519993005860,1,2025-09-30 15:09:41
250,Rabona,SA,"







Welcome bonus 100% up to ‚Ç¨500 + 200 FS + 1 Bonus Crab - Rabona Casino Review, Sign Up Info, ","







Welcome bonus 100% up to ‚Ç¨500 + 200 FS + 1 Bonus Crab - Rabona Casino Review, Sign Up Info, Bonuses and More


































































Skip to content






Limited Time Offer From Rabona! Get up to 500% bonus on first Deposit",‚Ç¨500,Welcome Bonus,,,https://rabona.casino/welcome-bonus,2025-09-30T17:23:57.724601,1798266228204267617,1,2025-09-30 15:24:23
252,Rabona,SA,"







Welcome bonus 100% up to ‚Ç¨500 + 200 FS + 1 Bonus Crab - Rabona Casino Review, Sign Up Info, ","







Welcome bonus 100% up to ‚Ç¨500 + 200 FS + 1 Bonus Crab - Rabona Casino Review, Sign Up Info, Bonuses and More


































































Skip to content






Limited Time Offer From Rabona! Get up to 500% bonus on first Deposit",‚Ç¨500,Welcome Bonus,,,https://rabona.casino/welcome-bonus,2025-09-30T17:27:44.485658,7154684739902618530,1,2025-09-30 15:28:09
254,Rabona,SA,"







Welcome bonus 100% up to ‚Ç¨500 + 200 FS + 1 Bonus Crab - Rabona Casino Review, Sign Up Info, ","







Welcome bonus 100% up to ‚Ç¨500 + 200 FS + 1 Bonus Crab - Rabona Casino Review, Sign Up Info, Bonuses and More


































































Skip to content






Limited Time Offer From Rabona! Get up to 500% bonus on first Deposit",‚Ç¨500,Welcome Bonus,,,https://rabona.casino/welcome-bonus,2025-09-30T17:29:45.094404,-1931889973610266740,1,2025-09-30 15:30:08
268,Rabona,SA,Found 'bonus' on page,bonus crab niveles vip espa√±ol centro de ayuda deportes apuestas en vivo casino bono de bienvenida crypto para deportes 100% hasta 200 usdt ¬°√∫nete ya!,,Other,,,https://www.rabona.com,2025-09-30T18:48:42.759142,-6942203926122086361,1,2025-09-30 16:51:10
270,Rabona,SA,Found 'bonus' on page,bonus crab niveles vip espa√±ol centro de ayuda promociones todo deportes casino crypto especiales deportes camiseta /bufanda del napoli ¬°regalos napol,,Other,,,https://www.rabona.com/promotions,2025-09-30T18:49:09.791294,2993224042144618735,1,2025-09-30 16:51:10
272,Rabona,SA,Found 'bonus' on page,bonus crab niveles vip espa√±ol centro de ayuda la p√°gina 404 no fue encontrada ¬°uy! no encontramos esa p√°gina consulte las secciones m√°s populares cas,,Other,,,https://www.rabona.com/bonuses,2025-09-30T18:49:22.296930,-5444809712442917063,1,2025-09-30 16:51:10
274,Rabona,SA,Found 'bonus' on page,bonus crab niveles vip espa√±ol centro de ayuda la p√°gina 404 no fue encontrada ¬°uy! no encontramos esa p√°gina consulte las secciones m√°s populares cas,,Other,,,https://www.rabona.com/offers,2025-09-30T18:49:34.595319,481554386536742419,1,2025-09-30 16:51:10
276,Rabona,SA,Found 'bonus' on page,bonus crab niveles vip espa√±ol centro de ayuda la p√°gina 404 no fue encontrada ¬°uy! no encontramos esa p√°gina consulte las secciones m√°s populares cas,,Other,,,https://www.rabona.com/welcome-bonus,2025-09-30T18:49:45.203039,-3874562260577060187,1,2025-09-30 16:51:10
278,Rabona,SA,Found 'bonus' on page,"bonus crab niveles vip espa√±ol centro de ayuda torneos activo finalizado deportes los maestros bolsa de premios: 1500¬†‚Ç¨ apuesta m√≠n.: 10,00¬†‚Ç¨ termina ",,Other,,,https://www.rabona.com/tournaments,2025-09-30T18:49:56.890350,2201490773578915528,1,2025-09-30 16:51:10
269,Rabona,SA,Found 'jackpot' on page,jackpots jackpots diarios jackpots calientes nuevos jackpots lucky jackpots jackpots todos los jackpots copas colecciones tienda desaf√≠os torneos bonu,,Other,,,https://www.rabona.com,2025-09-30T18:48:42.759142,4955923043395233366,1,2025-09-30 16:51:10
271,Rabona,SA,Found 'jackpot' on page,jackpots jackpots diarios jackpots calientes nuevos jackpots lucky jackpots jackpots todos los jackpots copas colecciones tienda desaf√≠os torneos bonu,,Other,,,https://www.rabona.com/promotions,2025-09-30T18:49:09.791294,8850143223388119260,1,2025-09-30 16:51:10
273,Rabona,SA,Found 'jackpot' on page,jackpots jackpots diarios jackpots calientes nuevos jackpots lucky jackpots jackpots todos los jackpots copas colecciones tienda desaf√≠os torneos bonu,,Other,,,https://www.rabona.com/bonuses,2025-09-30T18:49:22.296930,4293370459152089728,1,2025-09-30 16:51:10
275,Rabona,SA,Found 'jackpot' on page,jackpots jackpots diarios jackpots calientes nuevos jackpots lucky jackpots jackpots todos los jackpots copas colecciones tienda desaf√≠os torneos bonu,,Other,,,https://www.rabona.com/offers,2025-09-30T18:49:34.595319,-7124375583299753365,1,2025-09-30 16:51:10
277,Rabona,SA,Found 'jackpot' on page,jackpots jackpots diarios jackpots calientes nuevos jackpots lucky jackpots jackpots todos los jackpots copas colecciones tienda desaf√≠os torneos bonu,,Other,,,https://www.rabona.com/welcome-bonus,2025-09-30T18:49:45.203039,1751877360971229578,1,2025-09-30 16:51:10
279,Rabona,SA,Found 'jackpot' on page,jackpots jackpots diarios jackpots calientes nuevos jackpots lucky jackpots jackpots todos los jackpots copas colecciones tienda desaf√≠os torneos bonu,,Other,,,https://www.rabona.com/tournaments,2025-09-30T18:49:56.890350,4323010157293419476,1,2025-09-30 16:51:10
236,Rooster bet,SA,"









Roosterbet - Roosterbet Casino



























































","









Roosterbet - Roosterbet Casino


































































 
 casino Sports

LOBBYSLOTS
LIVE¬†CASINO
PROMOTIONS

 SIGN IN SIGN UP




 casino Sports
SLOTS
LIVE CASINO
PROMOTIONS
BONUS STORE
TOURNAMENT
VIP
LOYALTY PROGRAM

  Lucky Spin
PAYMENTS



English



Deutsch



Arabic
Help –°enter
Terms And Conditions
Bonus Terms & Conditions
Responsible Gaming
Privacy Policy
FAQ
Support
Affiliates
















Join now Roosterbet Casino and take off with$/",300 FREE SPINS,Free Spins,,,https://roosterbet.casino/tournaments,2025-09-30T16:51:53.495246,7700900701789609896,1,2025-09-30 14:52:24
244,Rooster bet,SA,"









Roosterbet - Roosterbet Casino



























































","









Roosterbet - Roosterbet Casino


































































 
 casino Sports

LOBBYSLOTS
LIVE¬†CASINO
PROMOTIONS

 SIGN IN SIGN UP




 casino Sports
SLOTS
LIVE CASINO
PROMOTIONS
BONUS STORE
TOURNAMENT
VIP
LOYALTY PROGRAM

  Lucky Spin
PAYMENTS



English



Deutsch



Arabic
Help –°enter
Terms And Conditions
Bonus Terms & Conditions
Responsible Gaming
Privacy Policy
FAQ
Support
Affiliates
















Join now Roosterbet Casino and take off with$/",300 FREE SPINS,Free Spins,,,https://roosterbet.casino,2025-09-30T16:58:13.573778,8340453611226138275,1,2025-09-30 14:58:55
237,Rooster bet,SA," Plattformen prioriterar snabba betalningsmetoder, gener√∂sa bonusar och en kundtj√§nst p√• svenska, vi"," Plattformen prioriterar snabba betalningsmetoder, gener√∂sa bonusar och en kundtj√§nst p√• svenska, vilket g√∂r det enkelt f√∂r nya spelare att komma ig√•ng och uppt√§cka f√∂rdelarna med Rooster Bet Casino",,Other,,,https://rooster-bet.org,2025-09-30T16:51:47.071284,-7698023102998586475,1,2025-09-30 14:52:24
243,Rooster bet,SA," Plattformen prioriterar snabba betalningsmetoder, gener√∂sa bonusar och en kundtj√§nst p√• svenska, vi"," Plattformen prioriterar snabba betalningsmetoder, gener√∂sa bonusar och en kundtj√§nst p√• svenska, vilket g√∂r det enkelt f√∂r nya spelare att komma ig√•ng och uppt√§cka f√∂rdelarna med Rooster Bet Casino",,Other,,,https://rooster-bet.org,2025-09-30T16:58:11.936387,-6724297868881514844,1,2025-09-30 14:58:55
256,bet final,SA,"



































Betfinal Review | Rating Betfinal Casino & Betfinal Sports





","



































Betfinal Review | Rating Betfinal Casino & Betfinal Sports































































BetfinalBetfinal
Blog
 BetfinalBetfinal
Blog
 

































































































































































Betfinal







Sports Betting



Live Sports





E-Sports Betting



Virtual Sports Betting







Live Casino











Claim Your",$30002,Deposit Bonus,,,https://bet-final.com,2025-09-30T17:30:00.033963,-7962017974985653671,1,2025-09-30 15:30:08
260,bet final,SA,"



































Betfinal Review | Rating Betfinal Casino & Betfinal Sports





","



































Betfinal Review | Rating Betfinal Casino & Betfinal Sports































































BetfinalBetfinal
Blog
 BetfinalBetfinal
Blog
 

































































































































































Betfinal







Sports Betting



Live Sports





E-Sports Betting



Virtual Sports Betting







Live Casino











Claim Your",$30002,Deposit Bonus,,,https://bet-final.com,2025-09-30T17:46:43.386483,1040643221984078944,1,2025-09-30 15:46:47
263,bet final,SA,"



































Betfinal Review | Rating Betfinal Casino & Betfinal Sports





","



































Betfinal Review | Rating Betfinal Casino & Betfinal Sports































































BetfinalBetfinal
Blog
 BetfinalBetfinal
Blog
 

































































































































































Betfinal







Sports Betting



Live Sports





E-Sports Betting



Virtual Sports Betting







Live Casino











Claim Your",$30002,Deposit Bonus,,,https://bet-final.com,2025-09-30T18:04:56.736854,-6724545352252144422,1,2025-09-30 16:05:35
267,bet final,SA,"



































Betfinal Review | Rating Betfinal Casino & Betfinal Sports





","



































Betfinal Review | Rating Betfinal Casino & Betfinal Sports































































BetfinalBetfinal
Blog
 BetfinalBetfinal
Blog
 

































































































































































Betfinal







Sports Betting



Live Sports





E-Sports Betting



Virtual Sports Betting







Live Casino











Claim Your",$30002,Deposit Bonus,,,https://bet-final.com,2025-09-30T18:07:32.224458,7263877355779163877,1,2025-09-30 16:07:36
259,bet final,SA,"










bet final




































Skip to content
























Hom","










bet final




































Skip to content
























Home
Slot
Hot Jackpot
Megaway
Bonus buys

Live Casino
Table Games
Poker
New Game
Top Game


blog








Log in






Sign up











Log in








 







Casino


How do online casinos work?
You need a PC/Mac or a mobile device to play in an online casino",,Other,,,https://bet-final.org,2025-09-30T17:46:42.867116,-3602148299883057718,1,2025-09-30 15:46:47
262,bet final,SA,"










bet final




































Skip to content
























Hom","










bet final




































Skip to content
























Home
Slot
Hot Jackpot
Megaway
Bonus buys

Live Casino
Table Games
Poker
New Game
Top Game


blog








Log in






Sign up











Log in








 







Casino


How do online casinos work?
You need a PC/Mac or a mobile device to play in an online casino",,Other,,,https://bet-final.org,2025-09-30T18:04:56.263089,4841259884965876365,1,2025-09-30 16:05:35
255,bet final,SA,"



GBG Bet ‚Äì plataforma global de apostas confi√°vel















































","



GBG Bet ‚Äì plataforma global de apostas confi√°vel
















































App
Global
Jogo
Global App
Bonus
Registro

Conecte-se

Registro



 








GBG Bet ‚Äì apostas e cassino no universo do Jogo
Adentrando-se no cosmos das apostas e jogatinas online, a GBG Bet desvenda-se como uma constela√ß√£o de singularidades",,Other,,,https://bet-final.net,2025-09-30T17:30:01.208476,-8776598215526486791,1,2025-09-30 15:30:08
258,bet final,SA,"



GBG Bet ‚Äì plataforma global de apostas confi√°vel















































","



GBG Bet ‚Äì plataforma global de apostas confi√°vel
















































App
Global
Jogo
Global App
Bonus
Registro

Conecte-se

Registro



 








GBG Bet ‚Äì apostas e cassino no universo do Jogo
Adentrando-se no cosmos das apostas e jogatinas online, a GBG Bet desvenda-se como uma constela√ß√£o de singularidades",,Other,,,https://www.bet-final.net,2025-09-30T17:46:36.358636,6138530475112158347,1,2025-09-30 15:46:47
264,bet final,SA,"



GBG Bet ‚Äì plataforma global de apostas confi√°vel















































","



GBG Bet ‚Äì plataforma global de apostas confi√°vel
















































App
Global
Jogo
Global App
Bonus
Registro

Conecte-se

Registro



 








GBG Bet ‚Äì apostas e cassino no universo do Jogo
Adentrando-se no cosmos das apostas e jogatinas online, a GBG Bet desvenda-se como uma constela√ß√£o de singularidades",,Other,,,https://bet-final.net,2025-09-30T18:04:57.932126,-4998890163475855153,1,2025-09-30 16:05:35
266,bet final,SA,"



GBG Bet ‚Äì plataforma global de apostas confi√°vel















































","



GBG Bet ‚Äì plataforma global de apostas confi√°vel
















































App
Global
Jogo
Global App
Bonus
Registro

Conecte-se

Registro



 








GBG Bet ‚Äì apostas e cassino no universo do Jogo
Adentrando-se no cosmos das apostas e jogatinas online, a GBG Bet desvenda-se como uma constela√ß√£o de singularidades",,Other,,,https://www.bet-final.net,2025-09-30T18:07:31.677690,-2890119389578149315,1,2025-09-30 16:07:36
280,bet final,SA,Found 'bonus' on page,bonus buys live casino table games poker new game top game blog log in sign up log in casino how do online casinos work? you need a pc/mac or a mobile,,Other,,,https://bet-final.org,2025-09-30T18:50:19.025579,-4479989125516805657,1,2025-09-30 16:51:10
283,bet final,SA,Found 'bonus' on page,"bonus registro conecte-se registro gbg bet ‚Äì apostas e cassino no universo do jogo adentrando-se no cosmos das apostas e jogatinas online, a gbg bet d",,Other,,,https://bet-final.net,2025-09-30T18:50:25.204183,-1169346506116901588,1,2025-09-30 16:51:10
284,bet final,SA,Found 'bonus' on page,"bonus registro conecte-se registro gbg bet ‚Äì apostas e cassino no universo do jogo adentrando-se no cosmos das apostas e jogatinas online, a gbg bet d",,Other,,,https://www.bet-final.net,2025-09-30T18:50:32.334173,-5692733777323855646,1,2025-09-30 16:51:10
282,bet final,SA,Found 'free spins' on page,"free spins triggered by chilli combinations multiplier effects that boost your rewards with its bold visuals, spicy soundtrack, and fast-paced gamepla",,Other,,,https://bet-final.org,2025-09-30T18:50:19.025579,-8151409922154549029,1,2025-09-30 16:51:10
281,bet final,SA,Found 'jackpot' on page,jackpot megaway bonus buys live casino table games poker new game top game blog log in sign up log in casino how do online casinos work? you need a pc,,Other,,,https://bet-final.org,2025-09-30T18:50:19.025579,-4706804159167830312,1,2025-09-30 16:51:10
